{"cameraMode":{"drawMode":0,"name":"Shaded","section":"Shading Mode"},"sceneLighting":false,"audioPlay":false,"sceneViewState":{"showFog":true,"showMaterialUpdate":false,"showSkybox":false,"showFlares":true,"showImageEffects":true,"showParticleSystems":true},"in2DMode":false,"pivot":{"x":0.001786649227142334,"y":0.5325064063072205,"z":-0.02612367272377014},"rotation":{"x":0.13420282304286958,"y":-0.1639155000448227,"z":0.02254476584494114,"w":0.9770984053611755},"size":0.8790017366409302,"orthographic":true}