{"cameraMode":{"drawMode":0,"name":"Shaded","section":"Shading Mode"},"sceneLighting":false,"audioPlay":false,"sceneViewState":{"showFog":true,"showMaterialUpdate":false,"showSkybox":false,"showFlares":true,"showImageEffects":true,"showParticleSystems":true},"in2DMode":false,"pivot":{"x":0.32968640327453616,"y":1.0,"z":-4.849372863769531},"rotation":{"x":-0.0018983378540724516,"y":0.9980722069740295,"z":-0.038945648819208148,"w":-0.049436334520578387},"size":0.6123724579811096,"orthographic":true}