{"cameraMode":{"drawMode":0,"name":"Shaded","section":"Shading Mode"},"sceneLighting":false,"audioPlay":false,"sceneViewState":{"showFog":true,"showMaterialUpdate":false,"showSkybox":false,"showFlares":true,"showImageEffects":true,"showParticleSystems":true},"in2DMode":false,"pivot":{"x":0.4141557514667511,"y":1.0,"z":-5.111869812011719},"rotation":{"x":0.13420282304286958,"y":-0.1639155000448227,"z":0.02254476584494114,"w":0.9770984053611755},"size":0.6123723983764648,"orthographic":true}