{"cameraMode":{"drawMode":0,"name":"Shaded","section":"Shading Mode"},"sceneLighting":false,"audioPlay":false,"sceneViewState":{"showFog":true,"showMaterialUpdate":false,"showSkybox":false,"showFlares":true,"showImageEffects":true,"showParticleSystems":true},"in2DMode":false,"pivot":{"x":-0.0006896555423736572,"y":0.5181101560592651,"z":-0.020621895790100099},"rotation":{"x":0.13420282304286958,"y":-0.1639155000448227,"z":0.02254476584494114,"w":0.9770984053611755},"size":0.8754681348800659,"orthographic":true}