{"cameraMode":{"drawMode":0,"name":"Shaded","section":"Shading Mode"},"sceneLighting":false,"audioPlay":false,"sceneViewState":{"showFog":true,"showMaterialUpdate":false,"showSkybox":false,"showFlares":true,"showImageEffects":true,"showParticleSystems":true},"in2DMode":false,"pivot":{"x":0.0,"y":0.699999988079071,"z":1.590000033378601},"rotation":{"x":0.1170077994465828,"y":0.023828109726309778,"z":-0.002815349493175745,"w":0.9928522706031799},"size":0.7900958061218262,"orthographic":true}