{"cameraMode":{"drawMode":0,"name":"Shaded","section":"Shading Mode"},"sceneLighting":true,"audioPlay":false,"sceneViewState":{"showFog":true,"showMaterialUpdate":false,"showSkybox":true,"showFlares":true,"showImageEffects":true,"showParticleSystems":true},"in2DMode":false,"pivot":{"x":1.4165931940078736,"y":0.7872357368469238,"z":28.936378479003908},"rotation":{"x":0.1553477644920349,"y":0.019541488960385324,"z":-0.0031016238499432804,"w":0.987733006477356},"size":210.13922119140626,"orthographic":true}