{"cameraMode":{"drawMode":0,"name":"Shaded","section":"Shading Mode"},"sceneLighting":false,"audioPlay":false,"sceneViewState":{"showFog":true,"showMaterialUpdate":false,"showSkybox":false,"showFlares":true,"showImageEffects":true,"showParticleSystems":true},"in2DMode":false,"pivot":{"x":-0.0018176436424255372,"y":0.4918842911720276,"z":-0.013323426246643067},"rotation":{"x":0.13420282304286958,"y":-0.1639155000448227,"z":0.02254476584494114,"w":0.9770984053611755},"size":0.8030738830566406,"orthographic":true}