{"cameraMode":{"drawMode":0,"name":"Shaded","section":"Shading Mode"},"sceneLighting":false,"audioPlay":false,"sceneViewState":{"showFog":true,"showMaterialUpdate":false,"showSkybox":false,"showFlares":true,"showImageEffects":true,"showParticleSystems":true},"in2DMode":false,"pivot":{"x":0.0002669394016265869,"y":0.47101545333862307,"z":-0.01098594069480896},"rotation":{"x":0.0009750620229169726,"y":0.9991056323051453,"z":-0.032981038093566897,"w":0.02849135547876358},"size":0.7862085700035095,"orthographic":true}