{"cameraMode":{"drawMode":0,"name":"Shaded","section":"Shading Mode"},"sceneLighting":false,"audioPlay":false,"sceneViewState":{"showFog":true,"showMaterialUpdate":false,"showSkybox":false,"showFlares":true,"showImageEffects":true,"showParticleSystems":true},"in2DMode":false,"pivot":{"x":0.0906524658203125,"y":1.17718505859375,"z":-0.04150390625},"rotation":{"x":0.15420472621917725,"y":-0.12092240154743195,"z":0.019050193950533868,"w":0.9804881811141968},"size":1.2734060287475587,"orthographic":true}