{"cameraMode":{"drawMode":0,"name":"Shaded","section":"Shading Mode"},"sceneLighting":false,"audioPlay":false,"sceneViewState":{"showFog":true,"showMaterialUpdate":false,"showSkybox":false,"showFlares":true,"showImageEffects":true,"showParticleSystems":true},"in2DMode":false,"pivot":{"x":0.4447462856769562,"y":1.0,"z":-5.235137939453125},"rotation":{"x":0.1553477644920349,"y":0.019541488960385324,"z":-0.0031016238499432804,"w":0.987733006477356},"size":0.6123723983764648,"orthographic":true}