{"cameraMode":{"drawMode":0,"name":"Shaded","section":"Shading Mode"},"sceneLighting":false,"audioPlay":false,"sceneViewState":{"showFog":true,"showMaterialUpdate":false,"showSkybox":false,"showFlares":true,"showImageEffects":true,"showParticleSystems":true},"in2DMode":false,"pivot":{"x":0.0031877756118774416,"y":0.47328096628189089,"z":0.019788384437561036},"rotation":{"x":0.13420282304286958,"y":-0.1639155000448227,"z":0.02254476584494114,"w":0.9770984053611755},"size":0.7829833626747131,"orthographic":true}